ID,Requirement,Predicted_Issue_Label,Predicted_Severity,Explanation,Evidence,Recommendation,Improved_Requirement
R001,The system shall display Events in a vertical table by time.,No Issue,None,"The requirement is clear, provides sufficient information to understand how the Events should be displayed, and can be objectively tested.",The system shall display Events in a vertical table by time.,"The original requirement is clear and testable. However, to enhance precision, it may be useful to specify if there is a specific format for the vertical table or if there are any additional details regarding how time should be displayed. For example, should time be shown in 12-hour or 24-hour format?","The system shall display Events in a vertical table by time, with further specifications regarding the format of the time display to be provided by the stakeholder."
R002,The system shall refresh the display every 60 seconds.,No Issue,None,"The requirement is clear, complete, and measurable. It specifies a defined action (refresh the display) with a clear frequency (every 60 seconds) that can be objectively tested.",The system shall refresh the display every 60 seconds.,The requirement is clear and measurable as it stands. No improvements are necessary unless further business context or scenarios are provided that might require adjustment.,The system shall refresh the display every 60 seconds.
R003,The product must support Mozilla Firefox 1.0 and above.,No Issue,None,"The requirement is clear, complete, and can be tested by verifying compatibility with Mozilla Firefox versions 1.0 and higher.",The product must support Mozilla Firefox 1.0 and above.,No clarifications or improvements are needed as the requirement is clear and complete.,The product must support Mozilla Firefox 1.0 and above.
R004,The audit report shall include the total number of recycled parts used in the estimate.,No Issue,None,"The requirement is clear, complete, and can be objectively tested by checking the included information in the audit report.","The requirement specifies that the audit report includes the total number of recycled parts used, which is a clear and measurable criterion.","The requirement is well-stated and does not need any changes. However, it could be improved with a clarification to specify if the audit report should also include additional details about the recycled parts, such as types or sources, if relevant. This will ensure a comprehensive understanding of what is expected.","The audit report shall include the total number of recycled parts used in the estimate. [Specify if additional details about the recycled parts, such as types or sources, are to be included.]"
R005,The ratings shall be from a scale of 1-10,Incompleteness,Minor,"The requirement specifies a scale but does not clarify what the ratings represent (e.g., what does a rating of 1 mean vs. a rating of 10?).",The ratings shall be from a scale of 1-10.,Clarify the meaning of the ratings on the 1-10 scale by specifying what each rating represents to ensure a common understanding among users.,"The ratings shall be from a scale of 1-10, with clearly defined meanings for each point on the scale. [Specify what each rating (1-10) represents.]"
R006,The product shall record meeting entries.,No Issue,None,"The requirement is clear, complete, and can be objectively tested by checking if the product records meeting entries.",The phrase 'record meeting entries' provides a clear action for the product to perform.,"The original requirement is clear and straightforward, but it could benefit from a bit more detail regarding the specific aspects of the meeting entries that need to be recorded (e.g., title, participants, date, agenda). It might also be helpful to specify how these entries should be recorded (e.g., text format, audio notes) if there are preferred methods. However, the core intent of the requirement remains intact. Stakeholders might consider defining what specific information constitutes a 'meeting entry'.","The product shall record meeting entries, including details such as title, participants, date, agenda, and any additional information deemed necessary by the stakeholders."
R007,The system shall allow the security officer to create a new user account.,Conflict,Major,"Requirement R007 specifies that a security officer creates a new user account, while Requirement R092 indicates that users can access their accounts without authentication. This presents a conflict as allowing access without authentication contradicts the standard security practice of controlling and verifying access to user accounts, which a security officer's role implies.","R007 requires a security officer to create accounts, whereas R092 allows access without credentials.","The stakeholder needs to clarify the intended access control model. Specifically, specifications are needed regarding the authentication requirements for user accounts, as the current requirements contain a conflict regarding account creation and access without authentication.","The system shall allow the security officer to create a new user account, subject to authentication and access control mechanisms defined by the system security policy."
R008,The system shall allow the data manager to delete a checklist resource.,No Issue,None,The requirement is clear and straightforward. It defines an action (delete) that a specific user role (data manager) can perform on a defined object (checklist resource).,"The wording is unambiguous, complete, and the functionality is testable.",No clarifications or improvements are necessary since the requirement is already clear and testable. The original intent and functionality are well-defined.,The system shall allow the data manager to delete a checklist resource.
R009,The system shall allow a visitor to build an occurrence selection filter.,Incompleteness,Major,"The requirement does not specify what criteria or parameters can be used for the occurrence selection filter, making it incomplete for implementation and testing.",The phrase 'occurrence selection filter' lacks detail on the specific functionalities and options available.,The requirement should specify the criteria or parameters that can be used for the occurrence selection filter to ensure clarity and completeness for implementation and testing. The stakeholder needs to define the available filtering options.,The system shall allow a visitor to build an occurrence selection filter using specified criteria and parameters. [Specify the available criteria and parameters that can be used for the filter.]
R010,The data transaction between client and server must be encrypted using SSL technology.,No Issue,None,"The requirement is clear, complete, and can be objectively tested by verifying the implementation of SSL encryption in the data transaction between client and server.","The requirement specifies that data transactions must be encrypted using SSL technology, which is a clear and objective criterion.","The original requirement is already clear and well-defined, so no further clarification is needed. However, if there are particular versions or configurations of SSL technology that are preferred or required for compliance purposes, the stakeholder should specify those details.","The data transaction between client and server must be encrypted using SSL technology, as specified by [insert SSL version or compliance standards if applicable]."
R011,The system shall be capable of restoring itself to its previous state in the event of failure,Ambiguity,Major,The requirement does not specify what is meant by 'previous state' or what constitutes a 'failure'. This lack of clarity could lead to different interpretations regarding the exact functionality and expectations of the restoration process.,The phrases 'previous state' and 'failure' are subjective and could be interpreted in multiple ways.,"The requirement needs clarification regarding what constitutes 'previous state' and 'failure'. It is important to specify whether 'previous state' refers to the last successfully operating state, a specific backup state, or another definition. Similarly, clear parameters should be defined for what qualifies as a 'failure' in the system context.",The system shall be capable of restoring itself to a specified previous state in the event of a defined failure. [Specify what is meant by 'previous state' and define what constitutes a 'failure'.]
R012,he website shall continue to operate if the streaming server goes down,No Issue,None,"The requirement is clear, complete, and can be objectively tested by verifying the website's operational status in the event of the streaming server going down.",The requirement explicitly states the condition (streaming server goes down) and the expected outcome (website continues to operate).,"No changes are necessary as the requirement is clear and testable. However, it may be beneficial to specify any implications or behaviors of the website during the operational continuation after the streaming server goes down to ensure comprehensive understanding.","The website shall continue to operate if the streaming server goes down, without specifying the implications of such operation."
R013,"The product shall be available for use 24 hours per day, 365 days per year.",No Issue,None,"The requirement is clear, complete, and is objectively testable, as it specifies the availability of the product without ambiguity.","The product shall be available for use 24 hours per day, 365 days per year.","There is no need for improvement as the requirement is already clear, complete, and testable. No unspecified business decisions are present.","The product shall be available for use 24 hours per day, 365 days per year."
R014,The product shall operate in offline mode whenever internet connection is unavailable.,No Issue,None,"The requirement is clear, complete, and can be objectively tested by verifying the product's behavior in offline mode without an internet connection.","The requirement specifies that the product must operate in offline mode when the internet is unavailable, which is a clear and testable condition.","No improvements are necessary as the requirement is clear and testable. However, it's advisable for stakeholders to specify if any specific functionalities are restricted when in offline mode to ensure complete clarity on expectations.",The product shall operate in offline mode whenever an internet connection is unavailable.
R015,Every user of the system shall be authenticated and authorized.,Conflict,Critical,"Requirement R015 states that every user must be authenticated and authorized, while Requirement R092 allows users to access their accounts without providing authentication credentials. These two requirements directly contradict each other, as one mandates authentication while the other explicitly allows access without it.","R015 requires user authentication, while R092 permits access without authentication credentials.",Clarify and resolve the conflict between requirements R015 and R092 to ensure consistent expectations regarding user access. The stakeholder needs to decide whether authentication is mandatory for all users or if certain users can access their accounts without authentication credentials. This decision is critical to remove the contradiction and establish a clear user access policy.,"Every user of the system shall be authenticated and authorized, except for [specify conditions under which users may access their accounts without providing authentication credentials]."
R016,The audit report shall include the total score of the audit which sums the indivual line items.,Incompleteness,Major,"The requirement does not specify how the individual line items are scored, nor does it clarify what criteria or methods should be used to sum these scores, leading to potential implementation misunderstandings.",The phrase 'which sums the indivual line items' does not provide details on the scoring method or criteria.,The stakeholder should specify the scoring criteria and method for the individual line items that will contribute to the total score in the audit report. This will ensure clarity and completeness in the requirement implementation.,"The audit report shall include the total score of the audit, which sums the individual line items. [Specify the scoring criteria and method for summing the individual line item scores.]"
R017,The search radius shall be between 1 and 30 miles.,No Issue,None,"The requirement is clear, complete, and can be objectively verified by checking if the search radius falls within the specified range.",The search radius is explicitly defined as being between 1 and 30 miles.,"No clarification or improvement needed, as the requirement is clear and verifiable.",The search radius shall be between 1 and 30 miles.
R018,The product shall be able to handle 10 000 concurrent users within 2 years of the initial launch.,Conflict,Major,"Requirement R018 states that the product shall be able to handle 10,000 concurrent users, while Requirement R093 specifies that the system shall support a maximum of 500 concurrent users. This creates a conflict as the capabilities defined in R018 contradict the limitations set in R093.","R018 states handling 10,000 users; R093 limits to 500 users.","The conflict between Requirement R018 and R093 needs to be resolved. Stakeholders should clarify whether the target of 10,000 concurrent users is the intended future capacity of the product or if it is the maximum capacity defined by another requirement. Furthermore, if the product is expected to scale over time, specifications regarding how this will be achieved should be provided.","The product shall be designed to handle up to 10,000 concurrent users, pending a specification on how this scaling will be achieved within 2 years of the initial launch, and this should be reconciled with any conflicting requirements."
R019,The product will notify employees of meeting invitations.,No Issue,None,The requirement is clear and specifies the action of notifying employees regarding meeting invitations. It is complete enough to understand and test its implementation.,The text clearly states that the product will notify employees of meeting invitations.,"While the original requirement is clear, the stakeholder may want to specify additional details, such as the method of notification (e.g., email, app notification) or the timing of the notification (e.g., immediately, one day before).",The product will notify employees of meeting invitations. [Specify the method of notification and timing of the notification.]
R020,The website shall be capable of supporting 100 000 customers.,No Issue,None,The requirement is clear and specifies a quantifiable capacity for the website.,The website shall be capable of supporting 100 000 customers.,"Specify whether the 100,000 customer capacity is a peak load requirement or an average load expectation. This will help in understanding the performance standards needed for the website.","The website shall be capable of supporting 100,000 customers."
R021,The system shall be able to easily navigate to the main features of the app.,Ambiguity,Minor,"The term 'easily' is subjective and can be interpreted in multiple ways, making it unclear what specific criteria define ease of navigation in this context.",The requirement states 'easily navigate' which introduces ambiguity.,"The term 'easily' in the original requirement should be clarified. The stakeholder needs to specify what criteria or characteristics define ease of navigation, such as the number of clicks to access features, user interface design elements, or other usability metrics. This will help to remove ambiguity and ensure that verifiable criteria are in place.","The system shall allow navigation to the main features of the app in a manner that meets criteria to be defined by the stakeholder, ensuring clarity and user satisfaction."
R022,The system shall display the company crane logo on the home page.,No Issue,None,"The requirement is clear, complete, and can be objectively tested by verifying whether the company crane logo is displayed on the home page of the system.",The requirement explicitly states that the system shall display the company crane logo on the home page.,"No clarification is needed as the requirement is already clear and testable. However, it might be useful to specify the conditions (e.g., necessary resolutions, formats, or sizes) under which the logo should be displayed for completeness.",The system shall display the company crane logo on the home page in the specified format and size.
R023,The system should be easy to use.,Ambiguity,Major,"The term 'easy to use' is subjective and can be interpreted differently by different users, making it unclear what specific characteristics the system should possess to meet this requirement.",The wording 'easy to use' lacks clarity and specificity.,"The stakeholder should specify what characteristics or criteria would classify the system as 'easy to use', such as user interface design, the number of steps required to complete tasks, or user feedback mechanisms.",The system shall be designed with specific characteristics that define it as 'easy to use'; [specify the required characteristics or criteria for usability].
R024,The system shall keep a record of all important transactions.,Incompleteness,Major,"The requirement does not specify what constitutes 'important transactions', which is crucial for understanding what exactly needs to be recorded.","The term 'important transactions' is vague and lacks a definition, making it unclear what should be kept in the record.",The stakeholder needs to specify the criteria or conditions that define 'important transactions' in order to provide clarity on what should be recorded by the system.,The system shall keep a record of all transactions that are classified as important according to the criteria specified by the stakeholder.
R025,The application should be scalable.,Ambiguity,Major,The term 'scalable' is vague and lacks a clear definition regarding what level of scalability is expected or under what conditions the application should demonstrate scalability.,"The requirement states that the application should be scalable, but does not define what scalability entails.","Clarify what is meant by 'scalable' in the context of the application, including specific metrics, conditions, or scenarios under which scalability is expected to be demonstrated.","The application should be scalable, with specific metrics and conditions defining the expected level of scalability to be provided by the stakeholder."
R026,"The system shall work just like the previous one, but on a new platform.",Ambiguity,Major,"The term 'just like the previous one' is vague and open to interpretation, leading to ambiguity about what specific features or functionalities are expected to be replicated.",The phrase 'just like the previous one' does not specify which aspects of the previous system should be retained.,The stakeholder needs to specify which specific features or functionalities from the previous system should be maintained in the new platform. It is also recommended to clarify if there are any new requirements or changes expected in the new platform that differ from the previous one.,The system shall replicate the specific features and functionalities of the previous system on the new platform. [Specify which features and functionalities need to be retained.]
R027,The system has to be bug-free.,Ambiguity,Major,"The term 'bug-free' is vague and subjective, as it does not specify what constitutes a 'bug' or how the absence of bugs is to be determined.",The requirement states 'The system has to be bug-free' without defining what 'bug-free' entails.,Clarify the definition of 'bug-free' by specifying what types of issues are considered bugs and outline the criteria or procedures for determining if the system meets this standard.,"The system shall be free of defects as defined by specified criteria, with a clear process for identifying and resolving any bugs that may arise. [Specify what constitutes a bug and the criteria for determining the system's bug-free status.]"
R028,The system shall delete the user and send the notification within one month.,Ambiguity,Minor,"The requirement mentions 'send the notification' without specifying the content or method of notification, which could lead to different interpretations.",The phrase 'send the notification' lacks clarity regarding what the notification should contain and how it should be delivered.,The requirement should clarify the content and method of the notification that is to be sent after the user deletion. This will help eliminate ambiguity and ensure the requirement is clearly understood and verifiable.,The system shall delete the user and send a notification with specified content and method within one month.
R029,The report shall be displayed in a similar format to the previous report.,Ambiguity,Major,"The term 'similar format' is vague and could lead to multiple interpretations, as it does not specify which aspects of the previous report's format should be retained or how closely the new report should resemble it.",The phrase 'in a similar format to the previous report' lacks specificity.,"Clarify which specific aspects of the previous report's format are intended to be retained in the new report. Specify whether this includes layout, styles, data presentation, or other formatting elements to remove ambiguity.","The report shall be displayed in a format that retains specific aspects of the previous report's format, including [specify which aspects, such as layout, style, or data presentation, should be retained]."
R030,The system shall grant access to authorized users when appropriate.,Conflict,Major,"Requirement R030 states that access is only granted to authorized users, whereas Requirement R042 permits anyone to access administrative control panels. This creates a direct conflict as one requirement does not align with the conditions set forth in the other.","R030 restricts access to authorized users, while R042 allows access to anyone.","Clarify the intended scope of access for users. The stakeholder should specify whether the restriction to authorized users is meant to apply universally or if there are specific exceptions or scenarios where access may be granted to anyone, as indicated in Requirement R042.","The system shall grant access to authorized users when appropriate, unless specified otherwise by other requirements."
R031,The system shall delete inactive user accounts after a reasonable period.,Conflict,Major,"Requirement R031 states that the system shall delete inactive user accounts, which implies that accounts need to become inactive due to non-access or non-use over a period of time. Requirement R092, on the other hand, states that the system shall allow users to access their accounts without providing authentication credentials, which can lead to a scenario where accounts that are meant to be inactive may still be accessed freely, preventing their deletion. Thus, the two requirements conflict as one requires the removal of inactive accounts while the other prevents any account from being recognized as inactive due to lack of authentication.","Requirement R031 mandates deletion of inactive accounts, while Requirement R092 allows access without authentication, contradicting the notion of account activity.","The stakeholder should clarify the conditions under which you define an account as inactive and how this aligns with the access permissions detailed in Requirement R092. Specifically, it needs to be decided whether accounts can remain active despite lack of authentication and what reasonable period of inactivity is considered appropriate for deletion.","The system shall delete inactive user accounts after a period defined by the stakeholder, ensuring this process aligns with access permissions for user accounts."
R032,The system shall display the user’s name in the appropriate format.,Conflict,Major,"The requirements conflict because R032 states that the system shall display the user’s name in an appropriate format, which implies displaying some form of the user's name. On the other hand, R100 explicitly states that the system shall not display the customer's full name, suggesting that the name should not be displayed in full, which is incompatible with the notion of displaying the user's name mentioned in R032.","R032 specifies displaying the user’s name, while R100 states that the full name shall not be displayed.","The requirement R032 needs to be clarified in relation to R100. The stakeholder should specify how the user's name should be displayed, given that R100 prohibits displaying the full name. The options for the format of the name should be delineated, ensuring there is no conflict between the requirements.","The system shall display the user’s name in a format that does not include the full name, as dictated by the related requirements."
R033,The system shall allow administrators to access sensitive information when necessary.,Conflict,Major,"Requirement R033 states that only administrators can access sensitive information, while Requirement R042 allows anyone to access administrative control panels. This creates a conflict because granting access to administrative control panels implies allowing access to sensitive information, violating the restriction imposed by R033.","R033 limits access to administrators for sensitive information, whereas R042 allows unrestricted access to anyone for administrative control.","Clarify the access levels for sensitive information and administrative control panels to resolve the conflict between Requirement R033 and Requirement R042. Specifically, specify who should have access to sensitive information and whether any exceptions or additional roles should be defined.",The system shall allow administrators to access sensitive information when necessary. [Specify how access to administrative control panels aligns with access to sensitive information.]
R034,The system shall display a suitable message when the operation is completed.,Ambiguity,Major,The term 'suitable message' is vague and does not specify what type of message should be displayed. This lack of clarity could lead to different interpretations during implementation.,The term 'suitable message' is not defined in the requirement.,The requirement should clarify what constitutes a 'suitable message' to ensure consistent understanding and implementation. The stakeholder should specify the criteria or examples of messages appropriate for different completion scenarios.,The system shall display a message when the operation is completed. [Specify the criteria or examples of suitable messages that should be displayed.]
R035,The system shall position the navigation controls in a convenient location.,Ambiguity,Minor,The term 'convenient location' is subjective and can have multiple interpretations depending on different user perspectives or contexts.,The requirement uses the vague term 'convenient location'.,Clarify what constitutes a 'convenient location' for the navigation controls. Stakeholders should specify criteria or user contexts that define convenience to eliminate ambiguity.,"The system shall position the navigation controls in a location defined as convenient by the stakeholder, based on user feedback or usability studies."
R036,The system shall notify the appropriate personnel in case of an emergency.,Incompleteness,Major,"The requirement does not specify who the appropriate personnel are, or how they shall be notified, which is necessary to fully understand and implement the requirement.",The term 'appropriate personnel' is vague and lacks specification.,The stakeholder should specify who the appropriate personnel are and the method of notification to ensure the requirement is clear and implementable.,The system shall notify the specified personnel via [Specify method of notification] in case of an emergency.
R037,The report shall emphasize significant values in the results.,Ambiguity,Major,"The term 'significant values' is subjective and could have multiple interpretations, which may lead to different implementations or understandings of the requirement.","The requirement uses the term 'significant values' without defining what constitutes 'significant', making it unclear.",The stakeholder should specify what constitutes 'significant values' in the report to provide clarity and ensure consistent interpretation and implementation of the requirement.,The report shall emphasize values that are defined as 'significant' by the stakeholder in the results.
R038,The application shall synchronize data with the external system regularly.,Ambiguity,Minor,"The requirement uses the term 'regularly', which is vague and does not specify the exact frequency or intervals for data synchronization.","The phrase 'synchronize data with the external system regularly' lacks a clear definition of what 'regularly' means, such as hourly, daily, or weekly.",The stakeholder should specify the exact frequency or intervals for data synchronization with the external system to eliminate ambiguity around the term 'regularly'.,The application shall synchronize data with the external system at [specify frequency or interval for synchronization].
R039,The system shall stop the machine if the temperature becomes unsafe.,Ambiguity,Major,The term 'unsafe' is subjective and does not provide a clear threshold or criteria for determining when the temperature is considered unsafe.,"The requirement uses the term 'unsafe' without defining it, leading to potential interpretation issues.",The term 'unsafe' needs to be clearly defined by the stakeholder. Specific temperature thresholds or criteria that dictate when the machine should be stopped due to unsafe conditions should be provided to ensure clarity and prevent different interpretations.,The system shall stop the machine if the temperature exceeds the specified unsafe threshold defined by the stakeholder.
R040,The system shall sort the displayed records in the proper sequence.,Ambiguity,Major,The term 'proper sequence' is vague and could have multiple interpretations depending on the context. It does not specify what criteria or logic should be used to determine the sequence of the displayed records.,"The requirement uses the phrase 'proper sequence', which lacks clarity.",The stakeholder should specify the criteria or logic for determining the proper sequence of the displayed records in order to eliminate ambiguity in the requirement.,"The system shall sort the displayed records in a sequence defined by the stakeholder, based on specified criteria such as date, alphabetical order, or any other relevant sorting method."
R041,The system shall handle user data.,Conflict,Major,"Requirement R041 states that the system shall handle user data, which typically implies that appropriate measures are in place to protect and manage that data. However, Requirement R092 indicates that users can access their accounts without providing authentication credentials, which conflicts with the usual expectation of data handling that ensures security and user authentication.","Requirement R041 emphasizes handling user data responsibly, while Requirement R092 suggests bypassing authentication, which may compromise that handling.",Clarify how user data should be handled in light of the potential conflict with Requirement R092. It should be specified whether user authentication is mandatory for accessing accounts containing sensitive user data.,The system shall handle user data in a manner that ensures security and appropriate user authentication measures are in place. [Specify whether authentication is required for accessing user accounts.]
R042,The platform must allow anyone to access administrative control panels.,Conflict,Critical,"Requirement R042 indicates that anyone can access administrative control panels, which implies no restrictions on who can perform actions that are typically privileged. Requirement R092 allows users to access their accounts without authentication, which conflicts with standard security practices. Together, these requirements create a serious security risk, as they suggest that both administrative and user accounts could be accessed without authentication.","Requirement R042 states 'anyone to access administrative control panels' and Requirement R092 allows 'users to access their accounts without providing authentication credentials', leading to potential unauthorized access.","The stakeholder should clarify access permissions for the administrative control panels to ensure proper security measures are in place, as unrestricted access poses significant security risks. It is essential to define who is authorized to access these control panels and under what conditions, particularly in light of interacting requirements on authentication.",The platform must allow access to administrative control panels only for authorized users according to defined access control policies.
R043,The system shall store customer profiles in the database.,No Issue,None,"The requirement is clear, complete, and can be objectively tested by verifying if customer profiles are indeed stored in the database as specified.",The requirement clearly states the action to be performed (store) and the object involved (customer profiles in the database).,"No changes are necessary as the original requirement is clear and complete. However, it may be helpful to specify whether there are any particular attributes or pieces of information that must be included in the customer profiles.","The system shall store customer profiles in the database, including relevant attributes as specified by the stakeholder."
R044,The application shall allow users to upload profile pictures..,No Issue,None,"The requirement is clear, complete, and can be objectively tested.","The requirement specifies that the application must allow users to upload profile pictures, which is a concrete and verifiable action.","There are no issues with the original requirement, but it may be useful to clarify whether there are any specific format, size, or type restrictions for the profile pictures that users can upload.","The application shall allow users to upload profile pictures. [Specify any format, size, or type restrictions for the profile pictures.]"
R045,The system shall record audit logs for security monitoring.,No Issue,None,"The requirement is sufficiently clear and complete. It specifies that the system must record audit logs, which is a straightforward and testable action related to security monitoring.",The phrase 'The system shall record audit logs for security monitoring' is clear and indicates a specific action to be taken by the system.,"While the original requirement is clear, it may be beneficial to specify the scope or types of events that should be recorded in the audit logs to enhance clarity and completeness regarding security monitoring.","The system shall record audit logs for security monitoring, including [specify types of events or actions to be logged]."
R046,The system shall allow users to reset their passwords.,Conflict,Major,"Requirement R046 allows users to reset their passwords, implying a need for authentication. In contrast, Requirement R092 allows users to access their accounts without providing any authentication credentials, which directly conflicts with the standard security practices inherent in password reset scenarios.","Requirement R046 stipulates the process of resetting passwords, which necessitates user authentication, while Requirement R092 explicitly states that authentication credentials are not required for access.","The conflicting nature between Requirement R046 and Requirement R092 needs to be addressed. Specifically, one of the requirements must be clarified or amended to ensure consistent security practices. The stakeholder should specify whether accessing accounts without authentication is valid or if users must authenticate to reset their passwords. It is important that security protocols are clearly defined to avoid any ambiguity.",The system shall allow users to reset their passwords only after successfully authenticating their identity.
R047,The system shall support bulk import of user records.,No Issue,None,"The requirement is clear, complete, and can be objectively tested by validating the bulk import functionality of user records.",The phrase 'support bulk import of user records' clearly defines the functionality expected from the system.,"The requirement is clear and can be tested; however, it might be beneficial to specify the format or method for the bulk import of user records to eliminate any ambiguity.",The system shall support bulk import of user records in a specified format. [Specify the format or method for bulk import.]
R048,The dashboard shall display product inventory levels in real-time.,No Issue,None,"The requirement is clear, complete for its scope, and can be objectively tested by checking if the dashboard accurately displays product inventory levels in real-time.",The requirement specifies that the dashboard shall display inventory levels and indicates that this should be in real-time.,The requirement is clear and testable as it is. No improvements are needed.,The dashboard shall display product inventory levels in real-time.
R049,The platform shall send notification emails regarding account updates.,No Issue,None,"The requirement is clear, complete, and can be objectively tested to ensure that notification emails are sent regarding account updates.","The requirement explicitly states the action (send notification emails) and the context (regarding account updates), leaving no ambiguity or missing information.","The original requirement is good as it stands. However, it could be enhanced by clarifying what specific account updates would trigger the notification emails. Stakeholders should specify the types of updates that warrant notifications to ensure there is no ambiguity in implementation.",The platform shall send notification emails regarding account updates. [Specify the types of account updates that should trigger the notification emails.]
R050,The mobile app shall synchronize local offline data with the server.,No Issue,None,The requirement is clear and specific about the mobile app's functionality regarding data synchronization.,"The requirement states that the mobile app shall synchronize local offline data with the server, which is an understandable and objective statement.","The requirement could benefit from clarification regarding the conditions under which synchronization occurs, such as whether it happens automatically at certain times or can be initiated manually by the user. The stakeholder should specify these conditions to enhance the completeness of the requirement.","The mobile app shall synchronize local offline data with the server under specified conditions. [Specify whether synchronization occurs automatically, manually, or both.]"
R051,The platform shall integrate with third-party payment gateways.,Incompleteness,Major,"The requirement does not specify which third-party payment gateways need to be integrated, nor does it provide details about the expected functionality or scope of the integration.",The requirement states 'third-party payment gateways' but does not specify any particular gateways or requirements for integration.,The stakeholder should specify which third-party payment gateways are required for integration and detail the expected functionality and scope of the integration with those gateways.,The platform shall integrate with specified third-party payment gateways. [Specify which payment gateways should be integrated and detail the expected functionality and scope of the integration.]
R052,The application shall support multi-language localization.,Incompleteness,Major,"The requirement does not specify which languages the application shall support for localization, which is critical information for implementation and testing.",The requirement only states that the application shall support multi-language localization without mentioning the specific languages.,Specify the exact languages that the application shall support for multi-language localization to ensure clarity and completeness for implementation and testing.,The application shall support multi-language localization in the following specified languages: [List of languages to be defined by the stakeholder].
R053,The system shall back up database records regularly.,Incompleteness,Major,"The requirement does not specify how often the backups should occur, which is crucial for understanding, implementing, and testing this requirement.",The term 'regularly' is vague and does not provide a specific time frame for the backups.,"The stakeholder should specify the frequency of the backups, such as daily, weekly, or another interval, to ensure clarity and completeness for implementation and testing.","The system shall back up database records at specified intervals. [Specify the frequency of backups, e.g., daily, weekly, etc.]"
R054,The web interface shall adapt to mobile screens.,Ambiguity,Minor,"The term 'adapt' is vague and could be interpreted in multiple ways, such as resizing, rearranging, or altering functionality for mobile screens.","The requirement uses the term 'adapt', which lacks a clear definition of how the adaptation should occur.","The term 'adapt' should be clarified to specify how the web interface should modify its layout or functionality for mobile screens. The stakeholder needs to define the expected behaviors such as resizing, rearranging elements, or reducing functionality specifically for mobile adaptation.","The web interface shall adjust its layout and functionality to effectively display content on mobile screens. [Specify the expected methods of adjustment, such as resizing, rearranging content, or altering features.]"
R055,The platform shall manage cryptographic encryption keys securely.,Ambiguity,Major,"The requirement uses the term 'securely' which is vague and subjective, leading to potential misunderstandings regarding the specific security measures that should be implemented.","The term 'securely' lacks a clear definition or criteria, making it open to interpretation.","The requirement should clarify what 'securely' means in the context of managing encryption keys. The stakeholder needs to specify the security measures, standards, or protocols that should be followed to ensure the secure management of cryptographic encryption keys.",The platform shall manage cryptographic encryption keys in accordance with the specified security measures and standards to ensure their secure management.
R056,The application UI shall feature an attractive and modern visual design.,Ambiguity,Major,"The terms 'attractive' and 'modern' are subjective and can have multiple interpretations, leading to potential misunderstandings in implementation and testing.",The requirement contains vague terms such as 'attractive' and 'modern' which do not provide clear criteria for assessment.,The terms 'attractive' and 'modern' should be defined with specific criteria or standards to ensure clarity in implementation and testing. The stakeholder should specify what constitutes an 'attractive' and 'modern' design for the application's UI.,The application UI shall feature a visual design that is defined by specific criteria established by the stakeholder to be considered 'attractive' and 'modern.'
R057,The search engine shall return highly relevant results for user queries.,Ambiguity,Major,"The term 'highly relevant results' is vague and can be interpreted differently by different users, leading to potential inconsistencies in implementation and user expectations.",The phrase 'highly relevant' lacks a clear and objective definition.,Clarify the definition of 'highly relevant results' to ensure that all stakeholders have a common understanding and can set clear expectations for the search engine's performance.,The search engine shall return results that are defined as 'highly relevant' for user queries. [Specify the criteria to define 'highly relevant results.']
R058,All API endpoints shall respond in a reasonable amount of time.,Ambiguity,Major,The term 'reasonable amount of time' is subjective and could lead to multiple interpretations regarding what constitutes a reasonable response time.,The requirement uses the vague term 'reasonable amount of time' without defining what is considered reasonable.,The term 'reasonable amount of time' needs to be defined clearly to ensure consistent understanding and implementation. The stakeholder should specify what response time is considered acceptable for the API endpoints.,All API endpoints shall respond within a specified maximum time frame. [Specify the acceptable response time.]
R059,The software architecture must be highly scalable for future growth.,Ambiguity,Major,"The term 'highly scalable' is subjective and can be interpreted in various ways, making it unclear what specific criteria or metrics define this requirement.",The requirement uses the vague term 'highly scalable' without specifying how scalability should be measured or what level of scalability is considered acceptable.,"The stakeholder should specify the criteria and metrics for measuring scalability, as well as the acceptable level of scalability for future growth. This will help eliminate ambiguity and ensure that the requirement is testable.","The software architecture must be scalable to accommodate anticipated future growth. [Specify the criteria and metrics for measuring scalability, and define the acceptable level of scalability.]"
R060,The portal shall be extremely user-friendly and intuitive for visitors.,Ambiguity,Major,"The terms 'extremely user-friendly' and 'intuitive' are vague and subjective, which can lead to multiple interpretations of what constitutes user-friendliness and intuitiveness.","The wording 'extremely user-friendly' and 'intuitive' lacks clear, objective criteria for evaluation.",The terms 'extremely user-friendly' and 'intuitive' need to be defined with clear criteria for what constitutes user-friendliness and intuitiveness. The stakeholder should specify measurable standards or features that the portal must meet to fulfill this requirement.,"The portal shall be user-friendly and intuitive for visitors, with specific criteria for user-friendliness and intuitiveness to be defined by the stakeholder."
R061,The database queries shall execute fast across all tables.,Ambiguity,Major,"The requirement uses the term 'fast', which is subjective and can have multiple interpretations regarding what is considered an acceptable speed for executing database queries.",The use of the term 'fast' is vague and does not provide a specific benchmark or performance metric.,The stakeholder should specify what constitutes 'fast' in terms of actual performance metrics or acceptable benchmarks for the database query execution times.,The database queries shall execute within a specified time frame across all tables to ensure performance quality.
R062,Error messages displayed to users should be clear and helpful.,Ambiguity,Minor,"The term 'clear and helpful' is vague and can be interpreted in multiple ways, leading to potential misunderstandings in implementation.",The words 'clear' and 'helpful' are subjective and do not provide specific criteria for what constitutes an effective error message.,The stakeholder should define specific criteria or examples for what constitutes 'clear' and 'helpful' error messages to ensure uniform interpretation during implementation.,Error messages displayed to users should be clear and helpful; the stakeholder should specify the criteria for what constitutes 'clear' and 'helpful.'
R063,The cloud infrastructure must be secure against modern cyber threats.,Ambiguity,Major,"The term 'secure against modern cyber threats' is vague and subjective, as it does not specify what constitutes 'secure' or which 'modern cyber threats' are being referred to.",The phrase 'secure against modern cyber threats' lacks clear definitions.,"The stakeholder should specify what constitutes 'secure' in this context, including any specific security standards, practices, or criteria that must be met. Additionally, it would be beneficial to define the 'modern cyber threats' that the cloud infrastructure should be protected against.","The cloud infrastructure must be secured against specific modern cyber threats, as defined by the stakeholder, including clear criteria for what constitutes 'secure.'"
R064,"The system code must be clean, maintainable, and well-documented.",Ambiguity,Major,"The terms 'clean', 'maintainable', and 'well-documented' are vague and subjective, leading to multiple interpretations of what is considered acceptable for these qualities.","The requirement uses terms like 'clean', 'maintainable', and 'well-documented' without clear definitions or criteria.","The terms 'clean', 'maintainable', and 'well-documented' need to be defined with specific criteria that can be measured or tested to ensure clarity and prevent subjective interpretation. Stakeholders should specify exact standards or practices that must be followed to achieve these qualities in the code.","The system code must adhere to specified standards for cleanliness, maintainability, and documentation. [Specify the criteria or definitions for 'clean', 'maintainable', and 'well-documented' code.]"
R065,The software system must ensure absolute fault tolerance during failures.,Ambiguity,Major,"The term 'absolute fault tolerance' is vague and lacks a clear definition, which could lead to varying interpretations of what level of fault tolerance is required.",The phrase 'absolute fault tolerance' does not specify the conditions or extent to which fault tolerance must be achieved.,The term 'absolute fault tolerance' needs to be clearly defined to specify the conditions and extent of fault tolerance required during failures. Stakeholders should specify what constitutes acceptable fault tolerance and the scenarios it should cover.,"The software system must ensure fault tolerance during failures, with specific definitions and conditions for the level of fault tolerance required to be provided by the stakeholders."
R066,Data transmission across the network must be sufficiently protected.,Ambiguity,Major,"The requirement uses the term 'sufficiently protected', which is vague and can be interpreted in multiple ways regarding the level of protection required.",The phrase 'sufficiently protected' does not specify what level or type of protection is required for the data transmission.,"The term 'sufficiently protected' needs clarification regarding the specific level, type, and methods of protection required for data transmission across the network. The stakeholder should specify the desired security measures and any applicable standards or protocols.",Data transmission across the network must be protected according to specified security measures and standards determined by the stakeholder.
R067,The e-commerce recommendation engine must offer good suggestions.,Ambiguity,Major,"The term 'good suggestions' is subjective and lacks a clear definition, leading to ambiguity regarding what constitutes a 'good' recommendation in the context of the e-commerce recommendation engine.",The phrase 'good suggestions' is vague and unclear.,"The term 'good suggestions' needs to be defined to clarify its meaning. It is recommended that the stakeholder specifies the criteria that constitute a 'good' recommendation in the context of the e-commerce recommendation engine, such as relevance, accuracy, or user satisfaction metrics.","The e-commerce recommendation engine must offer suggestions that meet specified criteria for quality. [Specify the criteria that define 'good suggestions', such as relevance, accuracy, or user satisfaction metrics.]"
R068,The desktop application should use minimal memory resources.,Ambiguity,Major,"The term 'minimal memory resources' is vague and subjective, providing no clear criteria for what constitutes 'minimal' in terms of memory usage.",The requirement uses the term 'minimal memory resources' which can be interpreted in various ways depending on the context.,"The stakeholder should specify a clear definition or threshold for 'minimal memory resources' to ensure that the requirement is measurable and testable. This could include specific metrics, percentages of memory usage, or ranges that define what is considered minimal.",The desktop application should use memory resources that do not exceed [Specify threshold or range for memory usage].
R069,The reporting module shall render complex charts smoothly without lagging.,Ambiguity,Major,"The term 'smoothly' is subjective and can be interpreted in various ways, leading to different understandings of what constitutes acceptable performance in rendering the charts.",The requirement states that charts should render 'smoothly' but does not define what 'smoothly' means or provide benchmarks for performance.,"The term 'smoothly' needs to be defined to establish clear performance benchmarks for rendering complex charts. The stakeholder should specify what constitutes acceptable rendering performance, such as frames per second, lag time, or user experience expectations.",The reporting module shall render complex charts with a performance level defined by the stakeholder to ensure acceptable user experience without lagging. [Specify the performance benchmarks or criteria for 'smoothly' in rendering the charts.]
R070,The payment gateway integration must be highly available and stable.,Ambiguity,Major,The terms 'highly available' and 'stable' are subjective and do not provide clear criteria for what is considered to be acceptable levels of availability and stability.,The phrases 'highly available' and 'stable' lack specific definitions or metrics.,"The terms 'highly available' and 'stable' need to be explicitly defined by the stakeholder. Suggested metrics could include specific uptime percentages for availability and error rates for stability, but these should be determined based on business needs.",The payment gateway integration must have defined metrics for availability and stability. [Specify acceptable uptime percentage for availability and acceptable error rates for stability.]
R071,The system shall allow users to reset their password using their registered email address.,Conflict,Major,"Requirement R071 allows users to reset their password using their registered email address, implying a need for authentication via this method. In contrast, Requirement R092 states that users can access their accounts without providing authentication credentials, which directly contradicts the need for any form of authentication presented in R071.","R071 specifies a password reset via email, indicating the need for user authentication; R092 explicitly states that authentication credentials are not required for account access.",Clarify the authentication process in Requirement R071 in relation to Requirement R092 to resolve the conflict regarding password reset and account access without authentication. The stakeholder should specify how these two requirements can coexist without contradicting each other.,"The system shall allow users to reset their password using their registered email address, provided that there is an appropriate authentication mechanism in place to ensure the user's identity during the password reset process."
R072,The system shall provide users with a password reset function through their registered email address.,Conflict,Major,"Requirement R072 states that users can reset their password via their registered email, which implies a need for authentication to access the account or reset the password. Requirement R092, however, states that users can access their accounts without providing any authentication credentials, which directly contradicts the need for security and authentication implied in R072.","Requirement R072 implies that authentication is necessary for password reset (via registered email), while Requirement R092 allows access without credentials.","Clarify how users will authenticate before accessing the password reset function and ensure alignment with Requirement R092, which allows access without authentication. The stakeholder should specify the intended security level for account access and password resets.","The system shall provide users with a password reset function through their registered email address, contingent upon prior authentication to ensure security. [Specify the authentication method required for initiating the password reset process.]"
R073,The system shall allow customers to search for products by product name.,Duplication,Minor,"Both requirements express essentially the same functionality of allowing customers to search for products by entering product names, using different wording.","Requirement R073 states 'The system shall allow customers to search for products by product name,' while Requirement R074 states 'The system shall enable customers to find products by entering a product name.'","Recommend consolidating R073 and R074 to eliminate duplication, ensuring that the unified requirement retains clarity and comprehensiveness. Additionally, clarify if any specific parameters for the search functionality, such as filters or sorting options, are required by the stakeholder.",The system shall allow customers to search for products by entering a product name.
R074,The system shall enable customers to find products by entering a product name.,Duplication,Minor,"Both requirements express essentially the same functionality of allowing customers to search for products by entering product names, using different wording.","Requirement R073 states 'The system shall allow customers to search for products by product name,' while Requirement R074 states 'The system shall enable customers to find products by entering a product name.'",It is recommended to consolidate the two similar requirements (R073 and R074) to eliminate duplication and clarify the intended functionality for customers searching for products. The consolidated requirement should encapsulate both expressions in a clear manner without losing the original business intent.,The system shall allow customers to search for products by entering a product name.
R075,The system shall send an email notification when an order is successfully placed.,Duplication,Minor,"Both requirements express the same behavior of sending an email notification after an order is successfully placed, with R075 being a general email notification and R076 specifying it as an order confirmation email to the customer.",R075 states 'The system shall send an email notification when an order is successfully placed' which overlaps with R076's requirement to 'email the customer an order confirmation' after a successful order.,Clarify and consolidate requirements R075 and R076 to eliminate duplication while preserving the intended functionality of sending email notifications upon successful order placement. Determine whether the general email notification should remain as a separate requirement or if it can be combined with the specific requirement regarding order confirmation emails.,"The system shall send an email notification to the customer when an order is successfully placed, and the stakeholder should specify whether additional general email notifications are required for other scenarios."
R076,"After an order is placed successfully, the system shall email the customer an order confirmation.",Duplication,Minor,"Both requirements express the same behavior of sending an email notification after an order is successfully placed, with R075 being a general email notification and R076 specifying it as an order confirmation email to the customer.",R075 states 'The system shall send an email notification when an order is successfully placed' which overlaps with R076's requirement to 'email the customer an order confirmation' after a successful order.,"The stakeholder should decide whether to retain both requirements (R075 and R076) by clarifying their distinctions or to merge them into a single requirement. If both should remain, specify if R076 should be seen as a subset of R075. If merging, ensure that the combined requirement captures the necessary details of both notifications.","The system shall send an email notification when an order is successfully placed, specifying the email as an order confirmation for the customer."
R077,The system shall allow administrators to deactivate user accounts.,Conflict,Major,"Requirement R077 states that administrators can deactivate user accounts, which implies that user accounts can be disabled. However, Requirement R092 allows users to access their accounts without providing authentication credentials, which creates a conflict as it contradicts the ability to deactivate accounts. If a user account is deactivated, it should not be accessible at all, let alone without authentication.","R077 states allowance for deactivating accounts, which conflicts with R092's statement on accessing accounts without authentication.","Clarify the relationship between Requirements R077 and R092. Specifically, the stakeholder needs to define how deactivation of user accounts aligns with the ability for users to access their accounts without authentication credentials, as these requirements are currently in conflict.","The system shall allow administrators to deactivate user accounts, whereby deactivated accounts should not be accessible without authentication. [Clarify how this requirement aligns with R092 regarding access without authentication.]"
R078,Administrators shall be able to disable user accounts when necessary.,Conflict,Critical,"Requirement R078 allows administrators to disable user accounts, implying that users could be denied access. However, Requirement R092 states that users shall be able to access their accounts without providing authentication credentials, which contradicts the ability to disable accounts as users would still be able to access them without any verification.","R078 states administrators can disable accounts, which conflicts with R092's requirement for user access without authentication.","Clarify the intended access model for users. The stakeholder should decide whether users should have unrestricted access without authentication regardless of account status, or whether the ability to disable accounts takes precedence over this access. Additionally, consider revising Requirement R092 to align with the access limitations defined in R078.","Administrators shall be able to disable user accounts when necessary, unless specified otherwise by the stakeholder regarding user access without authentication credentials."
R079,The system shall encrypt customer passwords before storing them in the database.,Conflict,Critical,"Requirement R079 mandates encrypting customer passwords before they are stored in the database, which implies a need for authentication based on these passwords. Requirement R092, on the other hand, states that users can access their accounts without providing authentication credentials, which directly contradicts the intention of securely storing and verifying passwords.","Requirement R079 requires password encryption to secure user accounts, while Requirement R092 allows access without authentication, undermining security measures.","Clarify the authentication requirements for accessing customer accounts. Specifically, reassess Requirement R092, which allows access without providing authentication credentials, as it contradicts the intent of Requirement R079 to securely store and verify passwords through encryption.",The system shall encrypt customer passwords before storing them in the database to ensure security. [Clarify the authentication requirements for accessing customer accounts and resolve any conflicts with other requirements regarding credential verification.]
R080,Customer passwords shall be encrypted before they are stored in the database.,Duplication,Minor,"Both requirements express the same behavior regarding the encryption of customer passwords before storage in the database, using different phrasing.","Requirement R079 states that the system shall encrypt customer passwords before storing them, while Requirement R080 states that customer passwords shall be encrypted before they are stored in the database.",The duplication of requirements regarding password encryption should be addressed. It is advisable to consolidate the two requirements stating the same behavior into a single requirement to reduce redundancy. This will enhance clarity and maintainability.,The system shall encrypt customer passwords before they are stored in the database.
R081,The system shall retain customer order records for at least 7 years.,Conflict,Critical,"Requirement R081 states that the system must retain customer order records for at least 7 years, whereas Requirement R082 mandates that the system delete these records after 2 years. These two requirements impose mutually incompatible behaviors regarding the retention and deletion of customer order records.","R081 states 'retain customer order records for at least 7 years', while R082 states 'delete customer order records after 2 years'.","The conflicting retention periods in Requirements R081 and R082 need to be resolved. Stakeholders should clarify the intended record retention policy for customer order records, specifically whether the system should retain records for 2 years or 7 years, to ensure a consistent approach.","[Specify the required retention period for customer order records, clarifying whether it should be 2 years or 7 years.]"
R082,The system shall delete customer order records after 2 years.,Conflict,Critical,"Requirement R081 states that the system must retain customer order records for at least 7 years, whereas Requirement R082 mandates that the system delete these records after 2 years. These two requirements impose mutually incompatible behaviors regarding the retention and deletion of customer order records.","R081 states 'retain customer order records for at least 7 years', while R082 states 'delete customer order records after 2 years'.","The stakeholder needs to decide the appropriate retention period for customer order records, as there is a conflict between R081, which requires retention for 7 years, and R082, which mandates deletion after 2 years. Clarification is necessary to resolve this inconsistency.","[The stakeholder must specify the retention period for customer order records, either maintaining them for at least 7 years as stated in R081 or deleting them after 2 years as stated in R082. These two requirements cannot coexist as currently written.]"
R083,The system shall allow users to upload files up to 100 MB.,Conflict,Major,"Requirement R083 allows users to upload files up to 100 MB, while Requirement R084 states that the system shall reject files larger than 25 MB. These two requirements impose mutually incompatible behaviors regarding the maximum allowed file size.",R083 allows files up to 100 MB; R084 rejects files larger than 25 MB.,The conflicting requirements regarding maximum file size need to be resolved. Clarify whether a file size limit of 100 MB should be maintained or if the limit should be set to 25 MB as stated in Requirement R084. The stakeholder should specify which requirement takes precedence to eliminate the conflict.,"[Specify the maximum allowed file size for uploads, either maintaining the 100 MB limit from Requirement R083 or the 25 MB limit from Requirement R084.]"
R084,The system shall reject files larger than 25 MB.,Conflict,Major,"Requirement R083 allows users to upload files up to 100 MB, while Requirement R084 states that the system shall reject files larger than 25 MB. These two requirements impose mutually incompatible behaviors regarding the maximum allowed file size.",R083 allows files up to 100 MB; R084 rejects files larger than 25 MB.,The conflict between Requirements R083 and R084 regarding maximum allowed file sizes needs to be resolved. The stakeholder should clarify the maximum file size that the system should allow for uploads to ensure consistency in requirements.,"The system shall reject files larger than [specify the maximum file size], with the maximum file size to be determined by the stakeholder."
R085,The system shall lock a user account after 5 consecutive failed login attempts.,Conflict,Major,"Requirement R085 specifies that a user account will be locked after 5 consecutive failed login attempts, while Requirement R086 specifies that the account will be locked after 3 consecutive failed login attempts. These two requirements impose mutually incompatible behaviors regarding the locking criteria, leading to a conflict in how account locks should function.","Requirement R085 requires 5 failed attempts for locking, whereas Requirement R086 requires only 3.",Clarify and resolve the conflict between Requirement R085 and Requirement R086 regarding the number of consecutive failed login attempts that lead to a user account lock. The stakeholder should specify which requirement should be adopted or whether both should be reconciled into a single cohesive requirement.,"The system shall lock a user account after a specified number of consecutive failed login attempts. [Specify the number of attempts to trigger account locking, ensuring consistency with related requirements.]"
R086,The system shall lock a user account after 3 consecutive failed login attempts.,Conflict,Major,"Requirement R085 specifies that a user account will be locked after 5 consecutive failed login attempts, while Requirement R086 specifies that the account will be locked after 3 consecutive failed login attempts. These two requirements impose mutually incompatible behaviors regarding the locking criteria, leading to a conflict in how account locks should function.","Requirement R085 requires 5 failed attempts for locking, whereas Requirement R086 requires only 3.","The stakeholder needs to clarify which criterion for locking a user account should be applied: 3 consecutive failed login attempts or 5 consecutive failed login attempts, to resolve the conflict with Requirement R085.",The system shall lock a user account after [specify the number of consecutive failed login attempts required for locking].
R087,The system shall automatically log out users after 30 minutes of inactivity.,Conflict,Major,"The two requirements impose mutually incompatible logout times after inactivity. Requirement R087 specifies a 30-minute inactivity period, while Requirement R088 specifies a 15-minute inactivity period. This creates a conflict as a user cannot be logged out after both time periods simultaneously.","Requirement R087 states a 30-minute inactivity auto-logout, while Requirement R088 states a 15-minute inactivity auto-logout.","The stakeholder needs to specify which logout time should be adopted, either the 30-minute inactivity period from Requirement R087 or the 15-minute inactivity period from Requirement R088. Clarifying this decision will resolve the conflict in the requirements.",The system shall automatically log out users after a specified period of inactivity. [Specify whether the inactivity period is 30 minutes or 15 minutes.]
R088,The system shall automatically log out users after 15 minutes of inactivity.,Conflict,Major,"The two requirements impose mutually incompatible logout times after inactivity. Requirement R087 specifies a 30-minute inactivity period, while Requirement R088 specifies a 15-minute inactivity period. This creates a conflict as a user cannot be logged out after both time periods simultaneously.","Requirement R087 states a 30-minute inactivity auto-logout, while Requirement R088 states a 15-minute inactivity auto-logout.",The stakeholder needs to resolve the conflict between Requirement R087 and R088 by specifying which inactivity period should be applied for user auto-logouts; either the 15-minute period from R088 or the 30-minute period from R087 should be chosen to eliminate the incompatibility.,[Specify which inactivity period should be applied for user auto-logouts: either 15 minutes or 30 minutes of inactivity.] The system shall automatically log out users after the specified period of inactivity.
R089,The system shall process payment transactions using Saudi Riyal as the transaction currency.,Conflict,Major,"Requirements R089 and R090 impose mutually incompatible behaviors regarding the currency used for processing payment transactions. R089 specifies the use of Saudi Riyal, while R090 specifies the use of US dollars, which cannot coexist in the functionality of the system since a single transaction cannot be processed in two different currencies at the same time.",R089 (Saudi Riyal) conflicts with R090 (US dollars) regarding the transaction currency.,There is a conflict between requirements R089 and R090 regarding the currency used for processing payment transactions. The stakeholder needs to specify the intended currency for transactions and resolve the conflict between using Saudi Riyal and US dollars. This will ensure that both requirements do not contradict and can coexist within the system's functionality.,"The system shall process payment transactions using a specified transaction currency. [Specify whether the transaction currency should be Saudi Riyal, US dollars, or another currency.]"
R090,The system shall process payment transactions using US dollars as the transaction currency.,Conflict,Major,"Requirements R089 and R090 impose mutually incompatible behaviors regarding the currency used for processing payment transactions. R089 specifies the use of Saudi Riyal, while R090 specifies the use of US dollars, which cannot coexist in the functionality of the system since a single transaction cannot be processed in two different currencies at the same time.",R089 (Saudi Riyal) conflicts with R090 (US dollars) regarding the transaction currency.,"The stakeholder needs to specify a single currency for processing payment transactions to resolve the conflict between R089 and R090. Alternatively, if multiple currencies are to be supported, the requirements should clarify how the system will manage transactions in different currencies.","The system shall process payment transactions using a specified currency for the transaction. [Specify whether payments should be processed in US dollars, Saudi Riyal, or if both options should be available.]"
R091,The system shall require users to authenticate using a password before accessing their accounts.,Conflict,Critical,"The requirements impose mutually incompatible behaviors regarding user authentication. Requirement R091 mandates that users must authenticate with a password, while Requirement R092 states that users can access their accounts without authentication credentials.","Requirement R091 states, 'The system shall require users to authenticate using a password,' whereas Requirement R092 states, 'The system shall allow users to access their accounts without providing authentication credentials.'",There is a conflict between Requirement R091 and Requirement R092 regarding user authentication. It needs to be clarified whether the requirement for password authentication is mandatory and whether there are scenarios in which users can access their accounts without authentication credentials. The stakeholder should specify which authentication method(s) are required and verify whether users should always be required to authenticate with a password or if exceptions apply.,"The system shall require users to authenticate using a password before accessing their accounts, unless otherwise specified by the stakeholder."
R092,The system shall allow users to access their accounts without providing authentication credentials.,Conflict,Critical,"Requirement R015 states that every user must be authenticated and authorized, while Requirement R092 allows users to access their accounts without providing authentication credentials. These two requirements directly contradict each other, as one mandates authentication while the other explicitly allows access without it.","R015 requires user authentication, while R092 permits access without authentication credentials.","The stakeholder needs to clarify the intent of Requirement R092 regarding user access without authentication credentials, especially in relation to Requirement R015, which mandates authentication. It's critical to resolve this conflict to ensure compliance with business rules regarding security and access.","[Clarify whether users should ever be allowed to access their accounts without providing authentication credentials, in light of Requirement R015 which requires user authentication and authorization.]"
R093,The system shall support a maximum of 500 concurrent users.,Conflict,Major,"Requirement R018 states that the product shall be able to handle 10,000 concurrent users, while Requirement R093 specifies that the system shall support a maximum of 500 concurrent users. This creates a conflict as the capabilities defined in R018 contradict the limitations set in R093.","R018 states handling 10,000 users; R093 limits to 500 users.",The stakeholder needs to clarify which requirement accurately reflects the intended user capacity of the system. The conflict between R018 and R093 must be resolved to establish a definitive limit on concurrent users.,"[Specify the maximum number of concurrent users supported by the system, reconciling the conflict with Requirement R018 which states handling 10,000 concurrent users.]"
R094,"The system shall support at least 1,000 concurrent users without performance degradation.",Conflict,Major,"Requirement R018 specifies that the product shall be able to handle 10,000 concurrent users, while Requirement R094 states it shall support only at least 1,000 concurrent users. Given that R094 imposes a limit of 1,000 concurrent users, it contradicts the capability required in R018, which mandates support for 10,000 concurrent users.","R018 states the need for 10,000 concurrent users, while R094 sets a threshold of only 1,000 concurrent users.","Clarify the requirement to eliminate the conflict with Requirement R018. The stakeholder needs to specify the intended maximum threshold for concurrent users to align with or supersede the existing requirement of 10,000 users.","The system shall support at least 10,000 concurrent users without performance degradation."
R095,The system shall require passwords to contain at least 8 characters.,Conflict,Critical,"Requirement R092 states that users can access their accounts without authentication, while Requirement R095 requires that passwords are mandatory and must meet criteria. This creates a conflict as allowing access without authentication contradicts the need for passwords.","Requirement R092 allows access without credentials, conflicting with Requirement R095 which mandates password requirements.","There is a conflict between Requirement R092, which allows access without authentication, and Requirement R095, which requires passwords. The stakeholder needs to clarify whether user accounts can be accessed without authentication or if a password requirement should be enforced consistently without exceptions. Addressing this conflict is critical to ensure clarity on access control in the system.","[Stakeholder to specify whether access to accounts without authentication is acceptable. If password authentication is required, then the system shall require passwords to contain at least 8 characters.]"
R096,The system shall require passwords to contain at least 12 characters.,Conflict,Major,"Requirement R092 states that users can access their accounts without providing any authentication credentials, while Requirement R096 states that the system requires passwords of at least 12 characters. This creates a conflict because if users can access their accounts without authentication, then the requirement for a password is irrelevant and mutually exclusive to R092.","R092 states 'without providing authentication credentials', which directly conflicts with R096's requirement for a password.","The stakeholder needs to clarify the intended authentication requirements for user account access. Specifically, it is necessary to resolve the conflict between R092, which allows access without authentication credentials, and R096, which mandates password complexity. The stakeholder should specify whether accounts can be accessed without authentication and, if so, what security measures are intended instead of password requirements.",The system shall require passwords to contain at least 12 characters unless users can access their accounts without providing any authentication credentials. [Stakeholder should clarify authentication requirements and potential conflicts with requirement R092.]
R097,The system shall retain audit logs for 90 days.,Conflict,Major,"The two requirements impose mutually incompatible behaviors regarding the retention period of audit logs. Requirement A specifies a retention period of 90 days, while Requirement B requires the logs to be retained for at least 365 days.",Requirement A states 'retain audit logs for 90 days.' and Requirement B states 'retain audit logs for at least 365 days.',"The stakeholder needs to specify which retention period is required for the audit logs, either 90 days or at least 365 days, to resolve the conflict between the two requirements.",The system shall retain audit logs for [specify retention period: either 90 days or at least 365 days].
R098,The system shall retain audit logs for at least 365 days.,Conflict,Major,"The two requirements impose mutually incompatible behaviors regarding the retention period of audit logs. Requirement A specifies a retention period of 90 days, while Requirement B requires the logs to be retained for at least 365 days.",Requirement A states 'retain audit logs for 90 days.' and Requirement B states 'retain audit logs for at least 365 days.',"The stakeholder needs to resolve the conflict between the two requirements regarding the audit log retention period. It must be specified whether the retention period should be 90 days or at least 365 days, as both cannot be implemented simultaneously without causing issues.","[Specify the required retention period for audit logs: either 90 days, 365 days, or another value.]"
R099,The system shall display the customer's full name on the account dashboard.,Conflict,Major,"The two requirements impose mutually incompatible behaviors regarding the display of the customer's full name on the account dashboard. Requirement R099 states that the customer's full name shall be displayed, while Requirement R100 states that it shall not be displayed.","R099 specifies display of the full name, whereas R100 specifies non-display.","There is a conflict between Requirement R099 and Requirement R100 regarding the display of the customer's full name. The stakeholder needs to clarify whether the customer's full name should be displayed or not, as both requirements cannot be satisfied simultaneously.",The system shall display the customer's full name on the account dashboard if specified by the stakeholder. [Specify whether the customer's full name should be displayed or not.].
R100,The system shall not display the customer's full name on the account dashboard.,Conflict,Major,"The requirements conflict because R032 states that the system shall display the user’s name in an appropriate format, which implies displaying some form of the user's name. On the other hand, R100 explicitly states that the system shall not display the customer's full name, suggesting that the name should not be displayed in full, which is incompatible with the notion of displaying the user's name mentioned in R032.","R032 specifies displaying the user’s name, while R100 states that the full name shall not be displayed.","The stakeholder needs to clarify how the user's name should be displayed on the account dashboard in a manner that is compatible with both R100 and R032. Specifically, it should be defined whether a partial name (e.g., first name only) is acceptable, and what constitutes 'appropriate format' in R032. This can resolve the conflict between displaying a name and not displaying the full name.","The system shall display the customer's name on the account dashboard in an appropriate format, as defined by the stakeholder. The full name shall not be displayed, and an alternative format (e.g., partial name) should be specified by the stakeholder."
